letter	frequency
I	0.01167
K	0.04492
J	0.05782
D	0.05253
E	0.10702
J	0.03288
B	0.05015
J	0.02094
I	0.03966
J	0.06153
K	0.01772
F	0.04025
M	0.02406
B	0.02749
O	0.05507
P	0.01929
Q	0.00095
O	0.03987
S	0.05620
Q	0.01056
U	0.02758
V	0.00978
M	0.02360
X	0.01189
G	0.05550
A	0.01203
